name,area,college,cost,rating,wifi,noise,coffee,study,date,friends,work,birthday,peaceful,verified
Alba,Rajpur Road,,500,4.9,1,1,5,4,4,3,5,2,5,1
Auric Restaurant & Rooftop Cafe,Rajpur Road,,1000,4.3,1,2,3,2,5,4,2,4,3,1
First Gear Cafe,Mussoorie Road,,600,4.1,0,2,3,1,3,5,1,3,3,1
Cafe De Piccolo,Rajpur Road,,800,,1,2,4,3,4,4,3,3,4,1
AMA Cafe,Rajpur Road,,700,,1,2,5,4,4,4,4,3,4,1
The Bend,Rajpur Road,,1200,,0,2,3,1,5,4,1,4,4,1
Wild West Cafe & Restaurant,Rajpur Road,,1000,,1,3,3,1,3,5,1,5,2,1
The Mudcup Cafe at Alaya,Rajpur Road,,900,,0,1,4,2,5,3,1,3,5,1
Blue Tokai Coffee Roasters,Rajpur Road,,600,,1,2,5,4,3,3,5,1,3,0
Eltham Bakery & Coffee House,Rajpur Road,,500,,1,2,4,3,3,4,3,3,3,1
Yellow Marigold,Race Course & Kaulagarh,,1000,,1,1,4,3,5,3,2,3,5,1
Raamatazz Cafe,Race Course & Kaulagarh,,700,,1,1,4,3,5,3,2,3,5,0
Nothing Before Coffee,Race Course & Kaulagarh,,300,,1,2,5,3,2,4,4,2,3,1
Pinewood Cafe & Kitchen,Clock Tower,,400,,1,3,3,2,3,5,2,4,2,1
Cafe Delhi Heights,Pacific Mall area,,1000,,1,3,3,1,4,5,2,5,2,0
Eddie's Patisserie,Chakrata Road,,400,,0,1,4,3,3,3,2,4,4,1
Cafe Village Highway,Chakrata Road,,800,,1,2,4,3,3,4,3,3,3,1
The Ziba House,Sahastradhara Road,,500,,1,1,4,3,4,3,3,3,5,0
Chainsoo Cafe & Kitchen,Buddha Temple & New Basti,GEU,400,,1,3,3,3,3,5,3,4,2,0
Caffein's Pocket,Clement Town,GEU,300,4.5,1,3,4,3,3,5,3,4,2,1
Tealogy (Subhash Nagar),Clement Town,GEU,200,4.3,0,2,3,2,2,5,1,3,3,1
Ctown Cafe,Buddha Temple & New Basti,,300,,0,2,4,2,2,4,1,2,4,0
Bliss Bite Cafe,Prem Nagar,UPES,600,4.7,1,2,3,4,3,4,4,4,3,1
The Coffee Dose,Prem Nagar,UPES,600,4.4,1,1,5,5,3,4,5,3,4,1
Buddha Cafe and Restaurant,Buddha Temple & New Basti,,300,,0,2,3,2,3,4,1,2,4,0
Lama Cafe,Buddha Temple & New Basti,,300,,0,2,3,2,3,4,1,2,4,0
Ja-khang Cafe,Buddha Temple & New Basti,,300,,0,2,3,2,3,4,1,2,4,0
Uptown Cafe,Buddha Temple & New Basti,,300,,1,3,3,3,2,5,3,4,2,0
Richy Rich Cafe,Buddha Temple & New Basti,,300,,1,3,3,3,2,5,3,4,2,0
Wild Wisteria Cafe & Restaurant,Buddha Temple & New Basti,,500,4.7,1,2,4,3,4,4,3,3,4,1
The Old House Cafe,Buddha Temple & New Basti,,500,,1,2,4,3,4,4,3,3,4,0
Loafi Bakery,Buddha Temple & New Basti,,500,,1,2,4,3,4,4,3,3,4,0
Cafe Potala,Buddha Temple & New Basti,,300,,0,2,3,2,3,4,1,2,4,0
Gangchen Tibet Kitchen,Buddha Temple & New Basti,,300,,0,2,3,2,3,4,1,2,4,0
Froth&Bubbles Cafe,Buddha Temple & New Basti,GEU,300,,1,3,3,3,2,5,3,4,2,0
The White House Cafe,Buddha Temple & New Basti,GEU,500,,1,2,4,3,4,4,3,3,4,0
Lime Light Cafe,Buddha Temple & New Basti,GEU,700,,1,3,3,1,3,5,1,5,2,0
Noa Cafe,Buddha Temple & New Basti,GEU,500,,1,2,4,3,4,4,3,3,4,0
Arth Coffee House & Restaurant,Buddha Temple & New Basti,GEU,500,,1,2,4,3,4,4,3,3,4,0
The Morning Cup Cafe & Restro,Buddha Temple & New Basti,GEU,500,,1,2,5,4,3,3,5,1,3,0
Dropoutengineers Cafe & Restaurant,Buddha Temple & New Basti,GEU,300,,1,3,3,3,2,5,3,4,2,0
Himalayan Cafe,Buddha Temple & New Basti,GEU,300,,1,3,3,3,2,5,3,4,2,0
The Retro Rolls,Buddha Temple & New Basti,GEU,300,,1,3,3,3,2,5,3,4,2,0
Waffle World Clement Town,Buddha Temple & New Basti,GEU,300,,1,3,3,3,2,5,3,4,2,0
Brew Casa,Rajpur Road,,500,,1,2,5,4,3,3,5,1,3,0
Tamtara Cafe,Rajpur Road,,500,,1,2,4,3,4,4,3,3,4,0
Blooms Cafe,Rajpur Road,,500,,1,2,4,3,4,4,3,3,4,0
Kalsang Cafe & Restaurant,Rajpur Road,,300,,0,2,3,2,3,4,1,2,4,0
Slake Cafe,Mussoorie Road,,500,,1,2,4,3,4,4,3,3,4,0
Loulou,Rajpur Road,,1000,,1,2,3,2,5,4,2,4,4,0
Farzi Cafe,Rajpur Road,,1000,,1,2,3,2,5,4,2,4,4,0
Orchard,Rajpur Road,,1000,,1,2,3,2,5,4,2,4,4,0
Cafe 82,Rajpur Road,,500,,1,2,4,3,4,4,3,3,4,0
Barista Lavazza,Rajpur Road,,500,,1,2,5,4,3,3,5,1,3,0
Ellora's,Rajpur Road,,500,,1,2,4,3,4,4,3,3,4,0
Marigold Cafe,Rajpur Road,,500,,1,2,4,3,4,4,3,3,4,0
Cafe Commune,Malsi,,500,,1,2,4,3,4,4,3,3,4,0
The Terrace Cafe,Rajpur Road,,1000,,1,2,3,2,5,4,2,4,4,0
Cafe Cibo,Rajpur Road,,1000,,1,2,3,2,5,4,2,4,4,0
Cafe Laata,Jakhan,,500,,1,2,4,3,4,4,3,3,4,0
Cafe Coffee Day (Jakhan),Jakhan,,500,,1,2,5,4,3,3,5,1,3,0
London Eye Cafe,Jakhan,,700,,1,3,3,1,3,5,1,5,2,0
Cafe Turquoise Cottage,Jakhan,,500,,1,2,4,3,4,4,3,3,4,0
TONIC - The Open Natural Informal Cafe,Ballupur,,500,,1,2,4,3,4,4,3,3,4,0
"Talab Cafe, Restaurant & Bar",Ballupur,,700,,1,3,3,1,3,5,1,5,2,0
Chai Sutta Bar (Ballupur),Ballupur,,300,,1,3,3,3,2,5,3,4,2,0
Daia's Cafe & Bakery,Ballupur,,500,,1,2,4,3,4,4,3,3,4,0
Cafe Coffee Day (Ballupur),Ballupur,,500,,1,2,5,4,3,3,5,1,3,0
The Secret Garden,Sahastradhara Road,,500,,1,2,4,3,4,4,3,3,4,0
Aanchal Cafe Plus by Blyss,Sahastradhara Road,,500,,1,2,4,3,4,4,3,3,4,0
Omrose Cafe,Sahastradhara Road,,500,,1,2,4,3,4,4,3,3,4,0
Cafe Headquarters,Sahastradhara Road,,300,,1,3,3,3,2,5,3,4,2,0
Ville D' Amour,Prem Nagar,UPES,500,,1,2,4,3,4,4,3,3,4,0
The Bhola's Cafe,Prem Nagar,UPES,300,,1,3,3,3,2,5,3,4,2,0
Cafe Dehradoon,Prem Nagar,UPES,500,,1,2,4,3,4,4,3,3,4,0
Tengo Hambre,Vasant Vihar,,700,,1,3,3,1,3,5,1,5,2,0
Pop's Cafe,Vasant Vihar,,300,,1,3,3,3,2,5,3,4,2,0
Chai Sutta Bar (Nehru Colony),Dharampur & Nehru Colony,,300,,1,3,3,3,2,5,3,4,2,0
MELS Cafe,Dharampur & Nehru Colony,,300,,1,3,3,3,2,5,3,4,2,0
Barista (Race Course),Race Course & Kaulagarh,,500,,1,2,5,4,3,3,5,1,3,0
Akio Coffee Roasters,Race Course & Kaulagarh,,500,,1,2,5,4,3,3,5,1,3,0
Cafe Coffee Day (Race Course),Race Course & Kaulagarh,,500,,1,2,5,4,3,3,5,1,3,0
Dazzled Cafe & Lounge,Clock Tower,,700,,1,3,3,1,3,5,1,5,2,0
Cafe De Doon,Clock Tower,,300,,1,3,3,3,2,5,3,4,2,0
Tathastu Cafe & Restro,Raipur,,400,,1,2,4,3,4,4,3,3,4,1
Buddha Temple Coffee Shop,Buddha Temple & New Basti,,300,,0,2,3,2,3,4,1,2,4,0
Barista (GMS Road),GMS Road,,500,,1,2,5,4,3,3,5,1,3,0
Le Bowl Sante,GMS Road,,500,,1,2,4,3,4,4,3,3,4,0
The Book Club,GMS Road,,400,,1,1,4,5,3,3,5,2,5,0
Daia's Cafe & Bakery (Dalanwala),Dalanwala,,500,,1,2,4,3,4,4,3,3,4,0
KONA The Cafe,Dalanwala,,500,,1,2,4,3,4,4,3,3,4,0
Razzmatazz Cup N Cake,Dalanwala,,500,,1,2,4,3,4,4,3,3,4,0
Budaan Cafe,Dalanwala,,500,,1,2,4,3,4,4,3,3,4,0
OPA! Cafe,Dalanwala,,700,,1,3,3,1,3,5,1,5,2,0
Coco Love,Dalanwala,,500,,1,2,4,3,4,4,3,3,4,0
Friends on Table - The Garden Cafe,Patel Nagar & Niranjanpur,,500,,1,2,4,3,4,4,3,3,4,0
Nomad KB Cafe,Patel Nagar & Niranjanpur,,300,,1,3,3,3,2,5,3,4,2,0
Chilliz Restro,Patel Nagar & Niranjanpur,,700,,1,3,3,1,3,5,1,5,2,0
Mamma's Made Cafe & Restaurant,Jogiwala,,500,,1,2,4,3,4,4,3,3,4,0
Cafe at Terrace,Jogiwala,,500,,1,2,4,3,4,4,3,3,4,0
Lhasa Cafe,Malsi,,300,,0,2,3,2,3,4,1,2,4,0
Cafe Coffee Day (Malsi Road),Malsi,,500,,1,2,5,4,3,3,5,1,3,0
Mussoorie Road Tealogy Cafe,Mussoorie Road,,300,,1,3,3,3,2,5,3,4,2,0
Experience by Basque,Mussoorie Road,,1000,,1,2,3,2,5,4,2,4,4,0
Midori Bean,Mussoorie Road,,500,,1,2,5,4,3,3,5,1,3,0
Cafe Crush,Chakrata Road,,300,,1,3,3,3,2,5,3,4,2,0
Cabana Affair Cafe,Sahastradhara Road,,500,,1,2,4,3,4,4,3,3,4,0
"XOXO (Cafe, Bakery & Patisserie)",Rajpur Road,,500,,1,2,4,3,4,4,3,3,4,0
Aristella Cafe & Bar,Rajpur Road,,1000,,1,2,3,2,5,4,2,4,4,0
Best Buddy's Restro Cafe,Rajpur Road,,300,,1,2,4,3,4,4,3,3,4,1
Coffeeness Cafe,Clement Town,,1000,,1,2,4,3,4,4,3,3,4,1
